<?xml version="1.0" encoding="UTF-8" ?> 
<beans xmlns="http://www.springframework.org/schema/beans" 
xmlns:xsi="http://www.w3.org/2001/XMLSchema-instance" 
xmlns:http-conf="http://cxf.apache.org/transports/http/configuration" 
xmlns:jaxws="http://cxf.apache.org/jaxws" 
xsi:schemaLocation="http://www.springframework.org/schema/beans 
					http://www.springframework.org/schema/beans/spring-beans.xsd 
					http://cxf.apache.org/transports/http/configuration 
					http://cxf.apache.org/schemas/configuration/http-conf.xsd 
					http://cxf.apache.org/jaxws http://cxf.apache.org/schemas/jaxws.xsd">

	<http-conf:conduit name="*.http-conduit">
		<http-conf:client AcceptEncoding="gzip" /> 
	</http-conf:conduit>

	<jaxws:client id="orderClient" serviceClass="demo.order.OrderProcess" address="http://localhost:8080/feature/OrderProcessGZIP">
		<jaxws:features>   
			<bean class="org.apache.cxf.transport.http.gzip.GZIPFeature" >   
				<property name="threshold" value="1" />   
			</bean>
		</jaxws:features>   
	</jaxws:client>
</beans>
