<?xml version="1.0" encoding="UTF-8"?>

<beans xmlns="http://www.springframework.org/schema/beans"
  xmlns:xsi="http://www.w3.org/2001/XMLSchema-instance"
  xmlns:sec="http://cxf.apache.org/configuration/security"
  xmlns:http="http://cxf.apache.org/transports/http/configuration"
  xmlns:httpj="http://cxf.apache.org/transports/http-jetty/configuration"
  xmlns:jaxws="http://cxf.apache.org/jaxws"
  xsi:schemaLocation="
            http://cxf.apache.org/jaxws 
		    http://cxf.apache.org/schemas/jaxws.xsd
            http://cxf.apache.org/configuration/security  		      
            http://cxf.apache.org/schemas/configuration/security.xsd
            http://cxf.apache.org/transports/http/configuration
            http://cxf.apache.org/schemas/configuration/http-conf.xsd
            http://cxf.apache.org/transports/http-jetty/configuration
            http://cxf.apache.org/schemas/configuration/http-jetty.xsd
            http://www.springframework.org/schema/beans
            http://www.springframework.org/schema/beans/spring-beans.xsd">

  <httpj:engine-factory bus="cxf">
   <httpj:engine port="9001">
    <httpj:tlsServerParameters>
      <sec:keyManagers keyPassword="changeit">
           <sec:keyStore type="JKS" password="changeit" file="c:\tmp\orderprocess.jks"/>
      </sec:keyManagers>
    </httpj:tlsServerParameters>
   </httpj:engine>
  </httpj:engine-factory>
</beans>
